{
    "Profiles": [
        {
            "Use Non-ASCII Font": false,
            "Tags": ["Dynamic"],
            "Ansi 12 Color": {
                "Green Component": 0.3333333432674408,
                "Red Component": 0.3333333432674408,
                "Blue Component": 1
            },
            "Ansi 6 Color": {
                "Green Component": 0.73333334922790527,
                "Red Component": 0,
                "Blue Component": 0.73333334922790527
            },
            "Normal Font": "Monaco 12",
            "Bold Color": {
                "Green Component": 0.64705884456634521,
                "Red Component": 0.48235294222831726,
                "Blue Component": 0.85098040103912354
            },
            "Transparency": 0,
            "Ansi 4 Color": {
                "Green Component": 0.66274511814117432,
                "Red Component": 0.54509806632995605,
                "Blue Component": 0.83137255907058716
            },
            "Ansi 5 Color": {
                "Green Component": 0.60392159223556519,
                "Red Component": 0.67450982332229614,
                "Blue Component": 0.85882353782653809
            },
            "Rows": 25,
            "Default Bookmark": "No",
            "Cursor Guide Color": {
                "Red Component": 0.70214027166366577,
                "Color Space": "sRGB",
                "Blue Component": 1,
                "Alpha Component": 0.25,
                "Green Component": 0.92681378126144409
            },
            "Non-ASCII Anti Aliased": true,
            "Use Bright Bold": true,
            "Ansi 10 Color": {
                "Green Component": 1,
                "Red Component": 0.3333333432674408,
                "Blue Component": 0.3333333432674408
            },
            "Ambiguous Double Width": false,
            "Jobs to Ignore": ["rlogin", "ssh", "slogin", "telnet"],
            "Ansi 15 Color": {
                "Green Component": 1,
                "Red Component": 1,
                "Blue Component": 1
            },
            "Foreground Color": {
                "Green Component": 0.78431373834609985,
                "Red Component": 0.78039216995239258,
                "Blue Component": 0.78823530673980713
            },
            "Bound Hosts": [],
            "Working Directory": "$HOME",
            "Blinking Cursor": false,
            "Disable Window Resizing": true,
            "Sync Title": false,
            "Prompt Before Closing 2": false,
            "BM Growl": true,
            "Command": "",
            "Description": "shqld",
            "Dynamic Profile Filename": "$HOME/Library/Application Support/iTerm2/DynamicProfiles/Profiles.json",
            "Mouse Reporting": true,
            "Screen": -1,
            "Selection Color": {
                "Green Component": 0.0037887054495513439,
                "Red Component": 0.10134787112474442,
                "Blue Component": 0.1989070326089859
            },
            "Columns": 80,
            "Idle Code": 0,
            "Ansi 13 Color": {
                "Green Component": 0.3333333432674408,
                "Red Component": 1,
                "Blue Component": 1
            },
            "Custom Command": "No",
            "ASCII Anti Aliased": true,
            "Non Ascii Font": "Monaco 12",
            "Vertical Spacing": 1,
            "Use Bold Font": true,
            "Option Key Sends": 0,
            "Selected Text Color": {
                "Green Component": 0.65098041296005249,
                "Red Component": 0.45882353186607361,
                "Blue Component": 0.84705883264541626
            },
            "Background Color": {
                "Green Component": 0.071581222116947174,
                "Red Component": 0.069047316908836365,
                "Blue Component": 0.091177865862846375
            },
            "Character Encoding": 4,
            "Ansi 11 Color": {
                "Green Component": 1,
                "Red Component": 1,
                "Blue Component": 0.3333333432674408
            },
            "Use Italic Font": true,
            "Unlimited Scrollback": false,
            "Keyboard Map": {
                "0xf700-0x260000": {
                    "Action": 10,
                    "Text": "[1;6A"
                },
                "0x37-0x40000": {
                    "Action": 11,
                    "Text": "0x1f"
                },
                "0x32-0x40000": {
                    "Action": 11,
                    "Text": "0x00"
                },
                "0xf709-0x20000": {
                    "Action": 10,
                    "Text": "[17;2~"
                },
                "0xf70c-0x20000": {
                    "Action": 10,
                    "Text": "[20;2~"
                },
                "0xf729-0x20000": {
                    "Action": 10,
                    "Text": "[1;2H"
                },
                "0xf72b-0x40000": {
                    "Action": 10,
                    "Text": "[1;5F"
                },
                "0xf705-0x20000": {
                    "Action": 10,
                    "Text": "[1;2Q"
                },
                "0xf703-0x260000": {
                    "Action": 10,
                    "Text": "[1;6C"
                },
                "0xf700-0x220000": {
                    "Action": 10,
                    "Text": "[1;2A"
                },
                "0xf701-0x280000": {
                    "Action": 11,
                    "Text": "0x1b 0x1b 0x5b 0x42"
                },
                "0x38-0x40000": {
                    "Action": 11,
                    "Text": "0x7f"
                },
                "0x33-0x40000": {
                    "Action": 11,
                    "Text": "0x1b"
                },
                "0xf703-0x220000": {
                    "Action": 10,
                    "Text": "[1;2C"
                },
                "0xf701-0x240000": {
                    "Action": 10,
                    "Text": "[1;5B"
                },
                "0xf70d-0x20000": {
                    "Action": 10,
                    "Text": "[21;2~"
                },
                "0xf702-0x260000": {
                    "Action": 10,
                    "Text": "[1;6D"
                },
                "0xf729-0x40000": {
                    "Action": 10,
                    "Text": "[1;5H"
                },
                "0xf706-0x20000": {
                    "Action": 10,
                    "Text": "[1;2R"
                },
                "0x34-0x40000": {
                    "Action": 11,
                    "Text": "0x1c"
                },
                "0xf700-0x280000": {
                    "Action": 11,
                    "Text": "0x1b 0x1b 0x5b 0x41"
                },
                "0x2d-0x40000": {
                    "Action": 11,
                    "Text": "0x1f"
                },
                "0xf70e-0x20000": {
                    "Action": 10,
                    "Text": "[23;2~"
                },
                "0xf702-0x220000": {
                    "Action": 10,
                    "Text": "[1;2D"
                },
                "0xf703-0x280000": {
                    "Action": 11,
                    "Text": "0x1b 0x1b 0x5b 0x43"
                },
                "0xf700-0x240000": {
                    "Action": 10,
                    "Text": "[1;5A"
                },
                "0xf707-0x20000": {
                    "Action": 10,
                    "Text": "[1;2S"
                },
                "0xf70a-0x20000": {
                    "Action": 10,
                    "Text": "[18;2~"
                },
                "0x35-0x40000": {
                    "Action": 11,
                    "Text": "0x1d"
                },
                "0xf70f-0x20000": {
                    "Action": 10,
                    "Text": "[24;2~"
                },